 Name , Email , Membership Duration , Interests , Expertise , Ambition , Family Status , Location , Notes 
Aiden Smith,Aiden.Smith@email.com, 4 years ," Healthcare, Nonprofit "," Public health, Fundraising ", Run a successful nonprofit organization , Single , Washington D.C. ," Recently started a new job as a fundraiser for a healthcare nonprofit, seeking advice on donor relations. "
Ethan Martin,Ethan.Martin@email.com, 6 months ," Marketing, Fashion "," Luxury brand marketing, Fashion design ", Become a creative director for a fashion brand , Single , New York City ," Recently joined the group, eager to learn and connect with others in the industry. "
Liam Jackson,Liam.Jackson@email.com, 2 years ," Finance, Real Estate "," Investment banking, Commercial real estate ", Get promoted to SVP ," Married, 2 children ", New York City ," Has been actively participating in discussions, sharing valuable insights and feedback. "
Noah Bennett,Noah.Bennett@email.com, 7 months ," Design, Creative Industries "," Graphic design, Branding ", Become a well-known designer in the industry , Single , Los Angeles ," Has been actively participating in discussions, sharing valuable insights and feedback. "
Lucas Thompson,Lucas.Thompson@email.com, 5 years ," Technology, Entrepreneurship "," Software development, Startups ", Build a successful tech startup , Single , San Francisco ," Regularly attends events, has given speeches and workshops at past events. "
Mason Cook,Mason.Cook@email.com, 8 years ," Law, Business "," Intellectual property, Mergers and acquisitions ", Become a partner at a law firm ," Married, 1 child ", Boston ," Has extensive experience in intellectual property law, often shares legal insights during discussions. "
Logan Reed,Logan.Reed@email.com, 3 years ," Healthcare, Nonprofit "," Public health, Fundraising ", Run a successful nonprofit organization , Single , Washington D.C. ," Recently started a new job as a fundraiser for a healthcare nonprofit, seeking advice on donor relations. "
Oliver Stone,Oliver.Stone@email.com, 4 years ," Marketing, Fashion "," Luxury brand marketing, Fashion design ", Become a creative director for a fashion brand , Single , New York City ," Often participates in discussions, has shared her experiences working in the fashion industry. "
Benjamin Harris,Benjamin.Harris@email.com, 6 years ," Finance, Real Estate "," Investment banking, Commercial real estate ", Get promoted to SVP ," Married, 2 children ", New York City , Often shares his experience working in investment banking and commercial real estate during discussions. 
Alexander Saunders,Alexander.Saunders@email.com, 7 months ," Design, Architecture "," Interior design, Sustainable architecture ", Become a well-known interior designer , Single , Los Angeles ," Recently joined the group, eager to learn and connect with others in the industry. "
Gabriel Price,Gabriel.Price@email.com, 4 years ," Marketing, Fashion "," Luxury brand marketing, Fashion design ", Become a creative director for a fashion brand , Single , New York City ," Often participates in discussions, has shared her experiences working in the fashion industry. "
Julius Walker,Julius.Walker@email.com, 8 years ," Law, Business "," Intellectual property, Mergers and acquisitions ", Become a partner at a law firm ," Married, 2 children ", Boston ," Has extensive experience in intellectual property law, often shares legal insights during discussions. "
Maximus Grant,Maximus.Grant@email.com, 3 years ," Healthcare, Nonprofit "," Public health, Fundraising ", Run a successful nonprofit organization , Single , Washington D.C. ," Recently started a new job as a fundraiser for a healthcare nonprofit, seeking advice on donor relations. "
Dominic Torres,Dominic.Torres@email.com, 5 years ," Technology, Entrepreneurship "," Software development, Startups ", Build a successful tech startup , Single , San Francisco ," Regularly attends events, has given speeches and workshops at past events. "
Augustus Murphy,Augustus.Murphy@email.com, 7 months ," Design, Architecture "," Interior design, Sustainable architecture ", Become a well-known interior designer , Single , Los ," Recently joined the group, eager to learn and connect with others in the industry. "
Finnley Shannon,Finnley.Shannon@email.com, 6 years ," Finance, Real Estate "," Investment banking, Commercial real estate ", Get promoted to SVP ," Married, 2 children ", New York City , Often shares her experience working in investment banking and commercial real estate during discussions. 
Cooper Reid,Cooper.Reid@email.com, 4 years ," Leadership, Personal Development "," Executive coaching, Team building ", Become a thought leader in leadership development ," Married, 2 children ", Dallas , Regularly attends events. 
Wyatt Gibbs,Wyatt.Gibbs@email.com, 9 months ," Marketing, Fashion "," Luxury brand marketing, Fashion design ", Become a creative director for a fashion brand , Single , New York City ," Recently joined the group, eager to learn and connect with others in the industry. "
Gavin Barnes,Gavin.Barnes@email.com, 5 years ," Technology, Entrepreneurship "," Software development, Startups ", Build a successful tech startup , Single , San Francisco ," Regularly attends events, has given speeches and workshops at past events. "
Parker Hudson,Parker.Hudson@email.com, 7 years ," Finance, Real Estate "," Investment banking, Commercial real estate ", Get promoted to SVP ," Married, 2 children ", New York City ," Often participates in discussions, has shared her experiences working in investment banking and commercial real estate. "
Landon Weaver,Landon.Weaver@email.com, 3 years ," Design, Architecture "," Interior design, Sustainable architecture ", Become a well-known interior designer , Single , Los Angeles ," Has been actively participating in discussions, sharing valuable insights and feedback. "
Jaxon Molina,Jaxon.Molina@email.com, 2 years ," Hiking, camping, rock climbing "," Outdoor leadership, Wilderness first response ", Become a lead guide for a reputable outdoor adventure company , Single ," Denver, CO ", Has led several successful hikes and camping trips in the Rocky Mountains. 
Kai Chen,Kai.Chen@email.com, 1 year ," Backpacking, mountaineering, skiing "," Outdoor skills instructor, Avalanche safety ", Complete a thru-hike of the Continental Divide Trail ," Married, 2 children "," Boulder, CO ", Recently completed a solo backpacking trip in the Grand Teton National Park. 
Jamison Powell,Jamison.Powell@email.com, 6 months ," Photography, birdwatching, kayaking "," Wildlife photography, Bird identification ", Publish a book of her photographs and become a well-known wildlife photographer , Single ," Seattle, WA ", Has had her photographs featured in several local exhibitions and publications. 
Tristan Moreau,Tristan.Moreau@email.com, 3 years ," Cycling, mountain biking, trail running "," Bike mechanic, Outdoor gear sales ", Open his own outdoor gear shop with a focus on sustainability and community involvement ," Married, 1 child "," Santa Fe, NM ", Recently completed a solo bike tour across New Mexico and is planning a similar trip across the western United States. 
Caleb Gutierrez,Caleb.Gutierrez@email.com, 4 years ," Yoga, meditation, rock climbing "," Mindfulness coach, Climbing instructor ", Build a retreat center focused on mindfulness and outdoor adventure , Single ," Moab, UT ", Leads yoga and meditation workshops for outdoor enthusiasts and has taught climbing classes at a local gym. 
Owen Saunders,Owen.Saunders@email.com, 7 months ," Fly fishing, hunting, wild game cooking "," Fly fishing guide, Hunter education instructor ", Start a podcast focused on outdoor skills and conservation ," Married, 2 children "," Bozeman, MT ", Has guided fly fishing trips in Montana and Wyoming and is an avid hunter and angler. 
Julian Lee,Julian.Lee@email.com, 5 years ," Whitewater kayaking, backpacking, ski mountaineering "," Outdoor educator, Avalanche safety ", Become a lead instructor for a whitewater kayaking school , Single ," Jackson Hole, WY ", Has led several successful expeditions in the Grand Teton National Park and is a certified avalanche safety professional. 
Weston Wallace,Weston.Wallace@email.com, 8 years ," Rock climbing, ice climbing, mountaineering "," Climbing instructor, Mountaineering guide ", Establish a new route on a prominent mountain peak ," Married, 1 child "," Las Vegas, NV ", Has climbed many of the tallest peaks in North America and is planning to attempt a solo ascent of Denali. 
Nathaniel Moreno,Nathaniel.Moreno@email.com, 2 years ," Competitive gaming, esports, game design "," Professional gamer, Streamer ", Qualify for a major esports tournament , Single ," Los Angeles, CA ", Has won several local gaming tournaments and is known for his skills in popular multiplayer games. 
Blake Kennedy,Blake.Kennedy@email.com, 6 months ," Casual gaming, game development, virtual reality "," Game designer, Unity developer ", Create a successful indie game , Single ," San Francisco, CA ", Recently graduated with a degree in game design and has worked on several small projects. 
Easton Garcia,Easton.Garcia@email.com, 3 years ," Retro gaming, game collecting, arcade games "," Game collector, Arcade restoration ", Open his own retro gaming arcade ," Married, 2 children "," Portland, OR ", Has a large collection of vintage games and consoles and is an active member of the local retro gaming community. 
Micah Richards,Micah.Richards@email.com, 1 year ," Online gaming communities, game streaming, cosplay "," Social media manager, Twitch streamer ", Build a large following on Twitch and become a well-known figure in the gaming community , Single ," New York City, NY ", Has built a sizable following on Twitch and is known for her creative costumes and engaging personality. 
Carson Wong,Carson.Wong@email.com, 2 years ," Machine learning, deep learning, computer vision "," TensorFlow developer, PyTorch enthusiast ", Develop an AI system that can accurately diagnose medical conditions , Single ," San Francisco, CA ", Recently completed a project using deep learning to classify medical images and is eager to collaborate with other professionals in the field. 
Lane Carlson,Lane.Carlson@email.com, 1 year ," Natural language processing, sentiment analysis, topic modeling "," Python programmer, Data scientist ", Build a chatbot that can understand and respond to customer queries ," Married, 2 children "," New York City, NY "," Has experience working with large datasets and is skilled in a variety of programming languages, including Python and R. "
Jesse Bauer,Jesse.Bauer@email.com, 6 months ," Reinforcement learning, game theory, robotics "," Research scientist, Robotics engineer ", Design intelligent systems that can learn from human behavior , Single ," Los Angeles, CA ", Recently published a paper on reinforcement learning and is interested in applying machine learning techniques to real-world problems. 
Phoenix Rodriguez,Phoenix.Rodriguez@email.com, 3 years ," Unsupervised learning, clustering, dimensionality reduction "," Data analyst, Tableau expert ", Create interactive visualizations that enable businesses to make data-driven decisions ," Married, 1 child "," Seattle, WA ", Is experienced in working with large datasets and has a strong background in statistics and data analysis. 
River McLaughlin,River.McLaughlin@email.com, 4 years ," Supervised learning, regression, classification "," Data scientist, Python programmer ", Develop predictive models that can accurately forecast sales trends , Single ," Austin, TX ", Has worked on several projects involving predictive modeling and is interested in exploring new techniques and tools for improving model accuracy. 
Orion Nguyen,Orion.Nguyen@email.com, 7 months ," Deep learning, neural networks, transfer learning "," AI researcher, PyTorch enthusiast ", Investigate the use of deep learning for medical image segmentation , Single ," San Diego, CA ", Has a strong background in computer science and is passionate about using machine learning to solve complex problems. 
Jasper Kim,Jasper.Kim@email.com, 5 years ," Time series analysis, anomaly detection, feature engineering "," Data engineer, Apache Spark developer ", Build a system that can detect and predict stock market fluctuations ," Married, 2 children "," Boston, MA ", Is experienced in working with large financial datasets and has a strong background in software engineering. 
Rowan Smith,Rowan.Smith@email.com, 8 years ," Computer vision, object recognition, facial recognition "," AI researcher, OpenCV expert ", Develop an AI system that can recognize and track objects in real-time ," Married, 1 child "," San Jose, CA ", Has a strong background in computer vision and is interested in exploring new applications of AI technology. 
Gideon Taylor,Gideon.Taylor@email.com, 2 years ," Political campaigns, public policy, government relations "," Political science major, Campaign volunteer ", Work on a presidential campaign or become a political advisor , Single ," Washington, D.C. ", Has volunteered for several local political campaigns and is passionate about making a difference in the political arena. 
Mercury Blackwood,Mercury.Blackwood@email.com, 1 year ," Political theory, comparative politics, international relations "," Political philosophy major, Debate club participant ", Pursue a career in academia or think tank research ," Married, 2 children "," New York City, NY ", Is interested in exploring different political ideologies and their implications for global governance. 
Atlas Grant,Atlas.Grant@email.com, 6 months ," Political activism, social justice, grassroots organizing "," Community organizer, Social media advocate ", Build a successful social movement that promotes racial equity , Single ," San Francisco, CA ", Recently organized a protest against police brutality and is dedicated to fighting for social justice causes. 
Apollo Hastings,Apollo.Hastings@email.com, 3 years ," Election analysis, voter behavior, political communication "," Polling analyst, Communications specialist ", Become a leading expert in election forecasting and political messaging ," Married, 1 child "," Los Angeles, CA ", Has worked on several political campaigns and has a deep understanding of voter behavior and election trends. 
Legolas McCoy,Legolas.McCoy@email.com, 4 years ," Political economy, economic development, trade policy "," Economics major, Intern at a think tank ", Work for an international organization that promotes economic cooperation , Single ," Seattle, WA "," Is fluent in Mandarin Chinese and has a strong background in economics, with a particular interest in international trade policy. "
Thorne Winters,Thorne.Winters@email.com, 7 months ," Public policy analysis, statistical modeling, data visualization "," Policy analyst, Data scientist ", Create data-driven policies that address complex social issues ," Married, 2 children "," Denver, CO ", Has experience working with large datasets and is skilled in statistical modeling and data visualization tools. 
Ranger Lopez,Ranger.Lopez@email.com, 8 years ," Political history, government institutions, public policy "," History professor, Author ", Publish a book on the history of American politics and its impact on contemporary society ," Married, 1 child "," Boston, MA ", Is a renowned historian who has written extensively on the evolution of American political systems and their impact on modern society. 
Casen Chandler,Casen.Chandler@email.com, 9 months ," Political philosophy, ethics, public policy "," Philosophy major, Ethics fellow "," Pursue a career in academia or policymaking, focusing on issues related to justice and morality ", Single ," Chicago, IL ", Recently completed a research project on the intersection of moral philosophy and public policy and is eager to apply his knowledge to real-world problems. 
Sage Reynolds,Sage.Reynolds@email.com, 2 years ," Day trading, swing trading, technical analysis "," Stock trader, Financial analyst ", Build a successful trading business and mentor others in the industry , Single ," New York City, NY ", Has been actively trading for several years and is passionate about sharing her knowledge with others. 
Rowdy Long,Rowdy.Long@email.com, 1 year ," Options trading, futures trading, market analysis "," Trading assistant, Research analyst ", Become a top trader at a Wall Street firm and manage his own hedge fund ," Married, 2 children "," Chicago, IL ", Is a recent college graduate with a degree in finance and has experience working as a trading assistant for a major investment bank. 
Daxxon Hall,Daxxon.Hall@email.com, 6 months ," Cryptocurrency trading, blockchain technology, digital assets "," Crypto trader, Blockchain enthusiast ", Build a cryptocurrency portfolio and advise clients on digital asset investments , Single ," San Francisco, CA ", Recently completed a project on blockchain-based supply chain management and is interested in exploring the intersection of blockchain and finance. 
Avery Sheffield,Avery.Sheffield@email.com, 3 years ," Quantitative trading, algorithmic trading, high-frequency trading "," Quantitative analyst, Algorithmic trader ", Develop an automated trading system that can execute complex strategies in real-time ," Married, 1 child "," Los Angeles, CA ", Has a strong background in computer science and is skilled in programming languages such as Python and R. 
Maverick Reyes,Maverick.Reyes@email.com, 4 years ," Fundamental analysis, value investing, dividend investing "," Financial advisor, Investment manager ", Build a successful track record of investment returns and become a respected voice in the industry , Single ," Seattle, WA ", Is a Financial Analyst (CFA) charterholder and has experience managing client portfolios for a major financial institution. 
Marlon Tran,Marlon.Tran@email.com, 7 months ," Swing trading, position trading, market sentiment "," Trading coach, Market commentator ", Create a community of like-minded traders who share knowledge and insights ," Married, 2 children "," Dallas, TX ", Is a former floor trader with a deep understanding of market psychology and sentiment analysis. 
Bryar Hawkins,Bryar.Hawkins@email.com, 8 years ," Technical analysis, chart patterns, market indicators "," Chart analyst, Trading mentor ", Publish a book on technical analysis and create a line of trading products ," Married, 1 child "," London, UK ", Is a renowned technical analyst who has written extensively on chart patterns and market indicators. 
Thatcher Holmes,Thatcher.Holmes@email.com, 9 months ," Algorithmic trading, statistical arbitrage, machine learning "," Quantitative trader, Machine learning enthusiast ", Develop an A system that can identify profitable trading opportunities using machine learning algorithms , Single ," New York City, NY ", Recently completed a project using machine learning to predict stock prices 
Kieran Murphy,Kieran.Murphy@email.com, 2 years ," Ancient history, classical civilizations, archaeology "," History professor, Archaeologist ", Lead excavations in the ancient world and publish research on her findings , Single ," Athens, Greece ", Has a PhD in Classical Archaeology and is currently working on a dig in Greece. She is passionate about sharing her knowledge with others and inspiring a love of history in the next generation. 
Rylan Day,Rylan.Day@email.com, 1 year ," American history, presidential history, historical biographies "," High school history teacher, History author ", Write a book on the life of a lesser-known historical figure and become a leading expert in his field ," Married, 2 children "," Washington, D.C. ", Is a high school history teacher who has written several books on American history and is passionate about making history accessible to a wider audience. 
Paxton Myers,Paxton.Myers@email.com, 6 months ," Asian history, cultural studies, historical anthropology "," Grad student, Teaching assistant ", Earn a PhD in History and become a university professor specializing in Asian cultures , Single ," Berkeley, CA "," Is a first-generation Asian-American who is passionate about exploring the intersections of culture, history, and identity. She is currently working on a research project examining the impact of colonialism on indigenous cultures in Southeast Asia. "
Jagger Green,Jagger.Green@email.com, 3 years ," Military history, diplomatic history, strategic studies "," Intelligence analyst, Historian ", Become a leading expert in military strategy and geopolitics and advise government agencies on historical context and implications ," Married, 1 child "," Arlington, VA ", Has a background in intelligence analysis and is skilled in analyzing large datasets to identify patterns and trends. He is particularly interested in exploring how historical events have shaped current geopolitical tensions. 
Zander Clarke,Zander.Clarke@email.com, 4 years ," European history, art history, museum studies "," Museum curator, Art historian ", Curate exhibitions that showcase the intersection of art and history and become a leading voice in the museum community , Single ," London, UK ", Has a master's degree in Art History and is currently working as a curator at a major museum in London. She is passionate about sharing her knowledge of art and history with the public and inspiring an appreciation for cultural heritage. 
Ryder Monroe,Ryder.Monroe@email.com, 7 months ," African American history, civil rights history, oral histories "," Community organizer, Oral historian ", Document the stories of unsung heroes in the civil rights movement and create a digital archive of oral histories , Single ," Atlanta, GA "," Is a community organizer who has worked extensively with local communities to preserve their histories and share their stories with a wider audience. He is particularly interested in exploring the intersections of race, identity, and social justice through oral histories. "
Gunnar Lawson,Gunnar.Lawson@email.com, 6 months ," Memes, social media, pop culture "," Marketing, graphic design ", Become a social media influencer ," Single, living alone ", New York City ," Active participant in group discussions, frequently shares own memes "
Slade Rasmussen,Slade.Rasmussen@email.com, 1 year ," Gaming, memes, anime "," Software engineering, game development ", Start his own gaming company ," Married, two children ", San Francisco Bay Area ," Helpful in organizing group events, often provides tech support "
Kaius Brown,Kaius.Brown@email.com, 3 months ," Art, design, memes "," Graphic design, illustration, animation ", Work as a freelance artist ," In a relationship, lives with partner ", Boston ," Shares her artwork and designs with the group, offers feedback and critiques to others "
Rohen Mendoza,Rohen.Mendoza@email.com, 2 years ," Sports, fitness, health, memes "," Personal training, nutrition ", Open his own fitness studio ," Divorced, two children ", Los Angeles ," Supportive of other members' goals, shares helpful resources and advice "
Canaan Banks,Canaan.Banks@email.com, 10 months ," Photography, travel, food, memes "," Freelance photographer, social media management ", Build a successful photography business ," Single, lives alone ", Seattle ," Active on Instagram, frequently shares photos from her travels and work "
Kellen Hunt,Kellen.Hunt@email.com, 7 months ," Business, finance, investing, memes "," Financial analysis, portfolio management ", Become a financial advisor ," Married, three children ", Chicago ," Offers financial advice and insights to the group, helps organize meetups "
Shiloh Fuller,Shiloh.Fuller@email.com, 5 months ," Fashion, beauty, lifestyle, memes "," Marketing, brand management ", Launch her own fashion line ," Single, lives alone ", London ," Creates content for the group's social media channels, offers fashion advice and trends "
Judah Brooks,Judah.Brooks@email.com, 4 months ," Technology, programming, AI, memes "," Software engineering, data science ", Develop AI-powered tools for businesses ," In a relationship, lives with partner ", Toronto ," Shares interesting articles and research papers related to tech and AI, helps answer questions from other members "
Arlo Barnes,Arlo.Barnes@email.com, 2 years ," Fatherhood, parenting, home life "," Stay-at-home dad, child development ", Start a blog or YouTube channel about fatherhood ," Married, three children ", Chicago ," Active participant in group discussions, frequently shares tips and advice on parenting "
Indigo Winters,Indigo.Winters@email.com, 1 year ," Personal finance, cooking, DIY projects "," Financial management, meal planning, home repair ", Save up for his children's college education ," Married, two children ", Los Angeles ," Helpful in organizing group outings and activities, often shares budget-friendly tips and recipes "
Remington Hayes,Remington.Hayes@email.com, 7 months ," Health and wellness, fitness, nutrition "," Stay-at-home dad, personal training, health coaching ", Become a certified health coach ," Single, lives alone ", New York City ," Shares healthy recipes and workout routines with the group, offers support and encouragement to other members "
Rory Kelly,Rory.Kelly@email.com, 3 months ," Technology, programming, web design "," Stay-at-home dad, freelance web developer ", Build a successful online business ," Divorced, one child ", Denver ," Shares helpful resources and tutorials on web development, offers tech support to other members "
Landry Fields,Landry.Fields@email.com, 5 months ," Travel, culture, photography, fatherhood "," Stay-at-home dad, freelance photographer, world traveler ", Showcase his photography in galleries and exhibitions ," In a relationship, lives with partner ", San Francisco ," Active on Instagram, frequently shares photos from his travel life as a stay-at-home dad "
August Blackwood,August.Blackwood@email.com, 10 months ," Education, parenting, special needs "," Stay-at-home dad, special education teacher ", Advocate for special needs children and families ," Married, two children ", Boston ," Offers advice and support to other members on special needs parenting, shares helpful resources and information "
Trace McLoughlin,Trace.McLoughlin@email.com, 8 months ," Home improvement, DIY projects, woodworking "," Stay-at-home dad, handyman, woodworker ", Start a custom furniture making business ," Married, three children ", Houston ," Shares step-by-step guides and videos of his DIY projects, offers tips and advice on home repair and improvement "
Nixon Cook,Nixon.Cook@email.com, 2 years ," Writing, literature, publishing "," Fiction author, creative writing teacher ", Publish her novel and become a bestselling author ," Single, lives alone ", New York City ," Active participant in group discussions, frequently shares her writing experiences and tips with others "
Titan Alvarez,Titan.Alvarez@email.com, 1 year ," Science fiction, fantasy, horror "," Fiction author, freelance writer ", Write full-time and publish multiple novels ," Married, two children ", Los Angeles ," Helpful in organizing group events, often shares helpful resources and advice on writing and publishing "
Xavier Garcia,Xavier.Garcia@email.com, 7 months ," Romance, mystery, thriller "," Fiction author, copywriter ", Become a successful romance novelist ," In a relationship, lives with partner ", San Francisco ," Shares her writing progress and excerpts with the group, offers feedback and support to other members "
Yves Saint-Laurent,Yves.Saint-Laurent@email.com, 3 months ," Historical fiction, nonfiction "," Fiction author, historian ", Publish his historical fiction novel and become a respected historian ," Divorced, one child ", Denver ," Shares interesting historical facts and research findings with the group, offers suggestions for historical accuracy in members' writing "
Zephyr Price,Zephyr.Price@email.com, 5 months ," Young adult, middle grade, children's books "," Fiction author, elementary school teacher ", Publish his young adult novel and become a beloved children's book author ," Married, three children ", Chicago ," Offers helpful insights and advice on writing for children and young adults, shares useful resources and tips for aspiring authors "
Apollo Jones,Apollo.Jones@email.com, 10 months ," Mystery, thriller, suspense "," Fiction author, freelance editor ", Launch her own editing business and work with bestselling authors ," Single, lives alone ", Seattle ," Active on social media, frequently shares helpful editing tips and resources with the group "
Cassius Waters,Cassius.Waters@email.com, 8 months ," Fantasy, science fiction, comic books "," Fiction author, comic book writer ", Publish his graphic novel and become a successful comic book writer ," In a relationship, lives with partner ", Portland ," Shares his comic book artwork and scripts with the group, offers feedback and support to other members "
Orpheus Clay,Orpheus.Clay@email.com, 2 years ," Homesteading, sustainable living, organic gardening "," Gardening, food preservation, animal husbandry ", Share her knowledge of sustainable living and homesteading practices with others and learn new skills to become more self-sufficient ," Married, 2 children "," rural area, Oregon "," Has a background in environmental science and is passionate about living off the grid. She is an experienced gardener and canner, and has recently started raising chickens and goats on her farm. "
Paxon Wallace,Paxon.Wallace@email.com, 1 year ," Homesteading, renewable energy, DIY projects "," Solar panel installation, wind turbine maintenance, carpentry ", Build a self-sufficient homestead that runs entirely on renewable energy sources and share his experiences with others through workshops and tutorials , Single ," rural area, Vermont ", Is a skilled carpenter and has experience installing solar panels and wind turbines. He is interested in learning more about permaculture design and natural building techniques. 
River Parker,River.Parker@email.com, 6 months ," Homesteading, beekeeping, herbalism "," Beekeeping, herbal medicine, natural dyeing ", Create a line of handmade crafts using natural materials from her homestead and sell them at local markets , Single ," rural area, North Carolina "," Is a recent college graduate who has been apprenticing on various homesteads for the past few years. She is passionate about beekeeping and herbalism, and enjoys experimenting with natural dyes and fibers. "
Stone Martin,Stone.Martin@email.com, 3 years ," Homesteading, animal husbandry, sustainable agriculture "," Livestock management, crop rotation, soil conservation "," Start a community-supported agriculture (CSA) program on his homestead and provide fresh, locally grown produce to families in his area "," Married, 1 child "," rural area, Georgia ", Has a background in agricultural science and is skilled in livestock management and crop rotation. He is interested in learning more about regenerative agriculture practices and improving soil health. 
Rowan Reed,Rowan.Reed@email.com, 4 years ," Homesteading, food preservation, fermentation "," Canning, dehydrating, sourdough bread baking ", Host workshops on food preservation techniques and create a YouTube channel sharing her homesteading experiences , Single ," urban area, California "," Is a experienced canner and dehydrator who has been preserving food for several years. She is also an avid baker and brewer, specializing in sourdough bread and kombucha. She is excited to share her knowledge with others and learn new skills through the group. "
Wyatt Jackson,Wyatt.Jackson@email.com, 2 years ," Cooking, baking, meal planning "," Home chef, recipe development, food photography ", Start a food blog and share her passion for cooking and baking with others ," Married, 2 children "," Suburban area, Ohio ", Has a background in culinary arts and has been experimenting with different cuisines and techniques for several years. She is an avid food photographer and enjoys styling and shooting her dishes. 
Maxen Grant,Maxen.Grant@email.com, 1 year ," Grilling, smoking, barbecue "," Pitmaster, grill master, meat curing ", Open his own barbecue restaurant and create a line of signature sauces and rubs , Single ," Urban area, Texas ", Is a skilled pitmaster who has won several local barbecue competitions. He is known for his slow-smoked brisket and hand-crafted sausages. He is interested in learning more about meat curing and preservation techniques. 
Cooper Johnson,Cooper.Johnson@email.com, 6 months ," Vegan cooking, fermentation, food sensitivities "," Plant-based cuisine, nutrition, food allergies ", Create a vegan food blog focusing on gluten-free and soy-free recipes and build a community of like-minded home chefs , Single ," Urban area, New York ", Is a recent college graduate who has been experimenting with plant-based cuisine for several years. She is passionate about creating delicious and healthy vegan meals that are also safe for those with common food allergies. She is excited to connect with other home chefs who share her interests. 
Finnley Smith,Finnley.Smith@email.com, 3 years ," Korean cuisine, fermentation, food photography "," Home chef, food styling, Korean BBQ ", Host a Korean BBQ pop-up dinner series and create a cookbook featuring his favorite Korean dishes ," Married, 1 child "," Suburban area, California ", Has a background in hospitality management and has worked in several restaurants. He is an experienced home chef who specializes in Korean cuisine and enjoys experimenting with different fermentation techniques. 
Gideon Price,Gideon.Price@email.com, 4 years ," Baking, pastry-making, cake decorating "," Pastry chef, desserts, food styling ", Open her own bakery and create custom wedding cakes and pastries for special occasions , Single ," Rural area, Vermont ", Is a skilled pastry chef who has worked in several bakeries and restaurants. She is known for her intricate cake designs and flaky croissants. She is interested in learning more about artisanal bread-making techniques and improving her decorating skills. 
Legolas Hall,Legolas.Hall@email.com, 7 months ," Cooking, grilling, food preservation "," Home chef, smoking, pickling ", Create a line of artisanal pickles and preserves using locally sourced ingredients and build a following on social media , Single ," Urban area, Illinois ", Is a recent college graduate who has been experimenting with home cooking 
Thorne Hastings,Thorne.Hastings@email.com, 2 years ," Travel, cultural exchange, photography "," World traveler, cultural immersion, adventure seeking ", Visit all seven continents and share her experiences through photographs and blog posts ," Married, 2 children "," Suburban area, Ohio ", Has a background in anthropology and is passionate about learning about different cultures through personal interactions. She is an avid photographer and enjoys capturing moments of beauty and diversity during her travels. 
Hugh Hefner,Hugh.Hefner@email.com, 1 year ," Adventure travel, outdoor activities, gear reviews "," Backpacking, rock climbing, kayaking ", Create a YouTube channel reviewing outdoor gear and sharing his adventures with others , Single ," Rural area, Colorado ", Is an experienced backpacker and outdoorsman who has traveled extensively throughout North America and Europe. He is skilled in wilderness first aid and outdoor survival techniques. He is interested in learning more about sustainable travel practices and connecting with other like-minded adventurers. 
Casen Kennedy,Casen.Kennedy@email.com, 6 months ," Cultural exchange, language learning, food culture "," Language acquisition, cultural adaptation, culinary exploration ", Live abroad for a year in a non-English speaking country and learn the local language fluently while immersing herself in the culture , Single ," Urban area, New York ", Is a recent college graduate who has studied abroad twice and is passionate about cultural exchange and language learning. She loves trying new foods and drinks from around the world and enjoys cooking traditional dishes from the countries she visits. 
Alan Moon,Alan.Moon@email.com, 3 years ," Photography, street art, urban exploration "," City breaks, architecture, graffiti hunting ", Host photography workshops focusing on street art and urban landscapes and create a coffee table book featuring his photographs ," Married, 1 child "," Urban area, California ", Has a background in fine arts and is an accomplished photographer who specializes in capturing urban landscapes and street art. He is fascinated by the intersection of art and architecture and enjoys discovering hidden gems during his travels. 
 Rachel Chen , rachel.chen@email.com , 4 years ," Solo female travel, budget travel, off the beaten path destinations "," Safety tips for solo female travelers, budget-friendly accommodation options, unique travel experiences ", Write a guidebook for solo female travelers and create a podcast sharing her adventures and insights , Single ," Rural area, Vermont ", Is a seasoned traveler who has visited over 20 countries and has extensive experience with solo female travel. She is skilled at finding affordable accommodations and transportation options and enjoys seeking out lesser-known destinations. She is interested in connecting with other solo female travelers and sharing her knowledge to empower them to explore the world confidently. 
 Sarah Johnson , sarah.johnson@email.com , 2 years ," Football, basketball, tennis "," Sports enthusiast, player, coach ", Attend every major sporting event in the country and start a sports blog ," Married, 2 children "," Suburban area, Ohio "," Has a background in physical education and has been involved in various sports throughout her life. She is an avid fan of football, basketball, and tennis and enjoys attending live games. She is interested in learning more about sports psychology and performance training. "
 John Smith , john.smith@email.com , 1 year ," Fantasy football, baseball, hockey "," Fantasy sports writer, statistics analysis, league management ", Create a fantasy football podcast and host a large fantasy sports community online , Single ," Urban area, New York ", Is an experienced fantasy sports writer and analyst who has been participating in fantasy leagues for over a decade. He is skilled at analyzing statistics and identifying trends. He is interested in connecting with other fantasy sports enthusiasts and sharing his knowledge to help others improve their teams. 
 Emily Lee , emily.lee@email.com , 6 months ," Running, triathlons, nutrition "," Endurance athlete, running coach, nutritionist ", Qualify for the Boston Marathon and complete an Ironman triathlon , Single ," Urban area, California ", Is a competitive runner and triathlete who has completed several marathons and triathlons. She is passionate about healthy eating and nutrition and enjoys helping others achieve their fitness goals. She is interested in learning more about sports physiotherapy and injury prevention. 
 Michael Kim , michael.kim@email.com , 3 years ," Golf, golf course architecture, golf history "," Golf enthusiast, course designer, historian ", Design a golf course and write a book on the history of golf course architecture ," Married, 2 children "," Suburban area, Illinois ", Has a background in landscape architecture and is an avid golfer. He has designed several golf courses and is passionate about preserving the history of golf course design. He is interested in connecting with other golf enthusiasts and sharing his knowledge of golf history and course design. 
 Peter Parker, peter.parker@email.com , 4 years ," Soccer, basketball, sports marketing "," Sports business, sponsorship activation, event management ", Organize a major international soccer tournament and create a sports marketing agency , Single ," Urban area, Texas ", Is an experienced sports marketer who has worked for several major sports organizations. She is skilled at creating engaging fan experiences and activating sponsorships. She is interested in connecting with other professionals in the sports industry and expanding her network. 
 James Johnson , james.johnson@email.com , 7 months ," Surfing, skateboarding, action sports photography "," Action sports enthusiast, photographer, social media influencer ", Build a following on Instagram showcasing his surfing and skateboarding adventures and create a line of athletic wear for action sports enthusiasts , Single ," Coastal town, California ", Is an avid surfer and skateboarder who enjoys capturing his adventures through photography and videography.
